{
  "util_libs.git": 1.3859121799468994, 
  "sel4-tutorials-manifest.git": 0.9198300838470459, 
  "seL4.git": 2.6664929389953613, 
  "seL4_tools.git": 1.2846148014068604, 
  "musllibc.git": 2.6255881786346436, 
  "seL4_libs.git": 1.5709969997406006, 
  "sel4-tutorials.git": 5.075572967529297
}